{
  "Exp-1A_MI": {
    "MI_mean": 0.05418340199290169,
    "MI_median": 0.05137005502484875,
    "NMI_mean": 0.02194231705876582,
    "IndependenceScore": 0.9780576829412342,
    "note": "Clean version: MI matrix + pairs data."
  },
  "Exp-1B_Alignment": {
    "leakage_thr": 0.15,
    "specialist_max_leakage": 2,
    "n_valid_concepts": 43,
    "leakage_mean": 12.276422764227643,
    "leakage_median": 8.0,
    "n_specialists_plotted": 5,
    "specialist_dims": [
      4,
      82,
      62,
      76,
      41
    ],
    "note": "Top specialists extracted."
  }
}