mode,rho,auc,accuracy,rmse
false_hard,0.0,0.8063164708397368,0.7696168929769175,0.3990282279691905
false_hard,0.1,0.7888902066331068,0.7440108803705443,0.4138977874777829
false_hard,0.2,0.7885523000142929,0.7438251712347472,0.4140528731756505
false_hard,0.3,0.7886215045711324,0.7441091969718486,0.41400856890425836
false_hard,0.4,0.788636421445356,0.7440136113872472,0.413992947908821
