dataset,case_rank,stu_id,exer_id,cpt_seq,hist_avg_rate,item_p_pred,concept_proxy_pred,item_drop,concept_drop,concept_drop_ratio,stable_concept_drop_ratio,decoupling_gap
assist_17,1,233,483,57,1.0,0.7279184460639954,0.8178457021713257,0.2720815539360046,0.1821542978286743,0.6694841866108946,0.6694841866108946,0.0899272561073303
assist_17,2,1207,2,59,1.0,0.7668400406837463,0.817249059677124,0.2331599593162536,0.1827509403228759,0.783800704283861,0.783800704283861,0.0504090189933776
