dataset,case_rank,stu_id,exer_id,cpt_seq,hist_avg_rate,item_p_pred,concept_proxy_pred,item_drop,concept_drop,concept_drop_ratio,stable_concept_drop_ratio,decoupling_gap
assist_09,1,230,7385,56,0.8888888888888888,0.8045167922973633,0.8719263672828674,0.0843720965915255,0.0169625216060214,0.2010442111939309,0.2010442111939309,0.0674095749855041
assist_09,2,928,819,98,0.9166666666666666,0.7606813907623291,0.8151783347129822,0.1559852759043375,0.1014883319536844,0.6506276401108853,0.6506276401108853,0.054496943950653
