dataset,case_rank,stu_id,exer_id,cpt_seq,hist_avg_rate,item_p_pred,concept_proxy_pred,item_drop,concept_drop,concept_drop_ratio,stable_concept_drop_ratio,decoupling_gap
junyi,1,2126,184,15,1.0,0.793384313583374,0.8798091411590576,0.2066156864166259,0.1201908588409423,0.5817121677711632,0.5817121677711632,0.0864248275756836
junyi,2,1752,258,29,0.8571428571428571,0.7584803104400635,0.8427901268005371,0.0986625467027936,0.0143527303423199,0.1454729360023056,0.1454729360023056,0.0843098163604736
junyi,3,5844,601,6,0.9,0.7314946055412292,0.8070501089096069,0.1685053944587707,0.092949891090393,0.5516137414409941,0.5516137414409941,0.0755555033683776
junyi,4,7714,602,18,1.0,0.7314355969429016,0.8021420240402222,0.2685644030570984,0.1978579759597778,0.7367245014884272,0.7367245014884272,0.0707064270973205
junyi,5,1832,39,0,0.8888888888888888,0.790733277797699,0.8315005302429199,0.0981556110911898,0.0573883586459689,0.5846671220115293,0.5846671220115293,0.0407672524452209
