drop_rate,auc,accuracy
0.0,0.7890393097608545,0.742868560771851
0.1,0.7886524068269516,0.7425260233306057
0.2,0.788444142704601,0.7422405754629013
0.3,0.7877371035467601,0.7412319929970124
0.4,0.7872228315132053,0.7401282612418886
