dim,leakage,max_corr,mean_corr,top1_concept,top1_corr,top2_concept,top2_corr,top3_concept,top3_corr,top4_concept,top4_corr,top5_concept,top5_corr,top6_concept,top6_corr,top7_concept,top7_corr,top8_concept,top8_corr
36,1,0.19055938644261333,0.053390127527292254,24,0.19055938644261333,17,0.13486292847992246,18,0.0993314984486605,9,0.0663153868914689,4,0.06232733306714051,8,0.05499583619224108,29,0.04961170201575565,14,0.03287956820684179
18,1,0.16905006353828184,0.06491959749115343,24,0.16905006353828184,17,0.1466559906106718,2,0.1098611089855905,15,0.09126615667652366,6,0.08309632824100276,18,0.07905429032110993,4,0.06637133982502695,29,0.06046281424469194
9,1,0.1660775322602176,0.05867233753789698,15,0.1660775322602176,7,0.09404841974790337,4,0.09105115130968351,33,0.07769318916492036,9,0.07546421083661731,8,0.05992980088674802,6,0.057228578263562785,2,0.05692837800326571
14,1,0.15848526471815425,0.08579034654448049,9,0.15848526471815425,2,0.13116419408602192,8,0.11972197762007818,15,0.11904516466936572,24,0.11620507627557114,17,0.1133226170775066,1,0.10376352072333227,18,0.0968706399835397
27,1,0.15633143097447905,0.039610365717338274,24,0.15633143097447905,17,0.13148503879047893,7,0.06823241863444167,1,0.041443612467758593,18,0.030620914994803985,6,0.03054521038801103,2,0.028826090579467233,9,0.027858613030644137
