{
  "MI_mean": 0.021657267966975792,
  "MI_median": 0.01855005853883641,
  "NMI_mean": 0.008234677551966866,
  "IndependenceScore": 0.9917653224480332,
  "note": "Clean version: MI matrix + pairs data."
}