{
  "MI_mean": 0.030007747998586784,
  "MI_median": 0.016513031857962455,
  "NMI_mean": 0.012547428433229861,
  "IndependenceScore": 0.9874525715667701,
  "note": "Clean version: MI matrix + pairs data."
}