{
  "MI_mean": 0.030007756237028567,
  "MI_median": 0.016513031857962455,
  "NMI_mean": 0.012547432222593136,
  "IndependenceScore": 0.9874525677774069,
  "note": "Clean version: MI matrix + pairs data."
}