{
  "mode": "single_exercise",
  "focus_exercise": 8572,
  "concepts": [
    1,
    24,
    31,
    48
  ],
  "n_users": 11,
  "delta1_mean_abs": 0.334282651577285,
  "syn_mean_abs": 0.10335438975957084
}