,cpt_1,cpt_24,cpt_31,cpt_48
cpt_1,0.0,-0.09997432868728146,-0.11585136872979457,0.08162907504117178
cpt_24,-0.09997432868728147,0.0,-0.37443317593140074,0.004378995953631115
cpt_31,-0.11585136872979455,-0.3744331759314008,0.0,0.15056804546516722
cpt_48,0.0816290750411718,0.00437899595363106,0.15056804546516717,0.0
