,cpt_1,cpt_24,cpt_31,cpt_48
cpt_1,0.0,-0.09997443550529607,-0.11585136872979457,0.08162905295106837
cpt_24,-0.09997443550529607,0.0,-0.3744331451577568,0.004378986499153248
cpt_31,-0.1158513687297946,-0.3744331451577567,0.0,0.1505680493661926
cpt_48,0.0816290529510684,0.0043789864991532895,0.15056804936619256,0.0
