,cpt_1,cpt_24,cpt_31,cpt_48
cpt_1,0.0,-0.09997428910776707,-0.11585132735930725,0.08162919527012391
cpt_24,-0.09997428910776708,0.0,-0.37443314033097036,0.00437899856354973
cpt_31,-0.11585132735930724,-0.3744331403309704,0.0,0.15056816744484836
cpt_48,0.08162919527012392,0.004378998563549702,0.1505681674448483,0.0
