{
  "mode": "single_exercise",
  "focus_exercise": 8572,
  "concepts": [
    1,
    24,
    31,
    48
  ],
  "n_users": 11,
  "n_interactions_total": 11,
  "concept_count_used": 4,
  "delta1_mean_abs": 0.3342826388669373,
  "syn_mean_abs": 0.10335352325735334
}