{
  "RowConcentrationScore_mean(top1/mean_abs)": 2.6188451590443798,
  "RowEntropy_mean(lower_better)": 4.572752354721192,
  "AssignmentMeanAbsCorr": 0.09363956018145614,
  "AssignmentMedianAbsCorr": 0.08921714357509127,
  "MatchRate@0.10": 0.3821138211382114,
  "MatchRate@0.15": 0.10569105691056911,
  "note": "No diagonal requirement. Use row concentration + permutation-invariant assignment score."
}