{
  "K": 123,
  "pairs": 512,
  "MI_mean": 0.05418340199290169,
  "MI_std": 0.01206246052206438,
  "NMI_mean": 0.02194231705876582,
  "NMI_std": 0.004676396525226529,
  "IndependenceScore_(1-NMI_mean)": 0.9780576829412342
}