{
  "Exp-1A_MI": {
    "K": 123,
    "pairs": 512,
    "MI_mean": 0.05418340199290169,
    "MI_std": 0.01206246052206438,
    "NMI_mean": 0.02194231705876582,
    "NMI_std": 0.004676396525226529,
    "IndependenceScore_(1-NMI_mean)": 0.9780576829412342
  },
  "Exp-1B_Align": {
    "RowConcentrationScore_mean(top1/mean_abs)": 2.6188451590443798,
    "RowEntropy_mean(lower_better)": 4.572752354721192,
    "AssignmentMeanAbsCorr": 0.09363956018145614,
    "AssignmentMedianAbsCorr": 0.08921714357509127,
    "MatchRate@0.10": 0.3821138211382114,
    "MatchRate@0.15": 0.10569105691056911,
    "note": "No diagonal requirement. Use row concentration + permutation-invariant assignment score."
  },
  "Exp-1C_Traversal": {
    "student_u": 2291,
    "concept_k": 102,
    "steps": 21,
    "t_low": -6.187000000000001,
    "t_high": 2.3,
    "base_ks_k": 0.17109960317611694,
    "ks_k_at_low": 0.005086461082100868,
    "ks_k_at_high": 0.4474388062953949,
    "A_spearman_mean": 0.0,
    "A_spearman_pos_rate": 0.0,
    "C_std_mean": 0.010690804501052753,
    "A_range_mean": 0.0,
    "C_range_mean": 0.035680982032014676,
    "EffectRatio(A_range/C_range)": 0.0,
    "leakage_mean_all_dims": 0.06148787960410118,
    "leakage_mean_other_dims": 0.08529514819383621,
    "note": "Good: A monotonic↑ (high spearman, pos_rate), C stable (low std/range), effect_ratio>>1, low leakage."
  }
}