stu_id,exer_id,cpt_seq,label,concept_ids,p_pred,concept_proxy_pred,concept_count,hist_avg_rate,min_hist_mastery_rate,min_cpt_hist,item_train_acc,item_train_support,item_drop,concept_drop,stable_concept_drop_ratio,decoupling_gap,dataset
233,483,57,0,[57],0.7279185652732849,0.8178457021713257,1,1.0,1.0,4,0.42436974789915966,238,0.2720814347267151,0.18215429782867432,0.669484479937539,0.08992713689804077,assist_17
1207,2,59,0,[59],0.7668400406837463,0.817249059677124,1,1.0,1.0,8,0.438,500,0.23315995931625366,0.18275094032287598,0.783800704283861,0.050409018993377686,assist_17
