stu_id,exer_id,cpt_seq,label,concept_ids,p_pred,concept_proxy_pred,concept_count,hist_avg_rate,min_hist_mastery_rate,min_cpt_hist,item_train_acc,item_train_support,item_drop,concept_drop,stable_concept_drop_ratio,decoupling_gap,dataset
2126,184,15,0,[15],0.793384313583374,0.8798091411590576,1,1.0,1.0,7,0.29545454545454547,44,0.20661568641662598,0.12019085884094238,0.5817121677711632,0.0864248275756836,junyi
1752,258,29,0,[29],0.7584802508354187,0.8427901268005371,1,0.8571428571428571,0.8571428571428571,7,0.7272727272727273,198,0.0986626063074384,0.014352730342319986,0.14547284811832406,0.08430987596511841,junyi
5844,601,6,0,[6],0.7314946055412292,0.8070501089096069,1,0.9,0.9,10,0.7581018518518519,864,0.16850539445877077,0.09294989109039309,0.5516137414409941,0.07555550336837769,junyi
7714,602,18,0,[18],0.7314357161521912,0.8021420836448669,1,1.0,1.0,4,0.45528455284552843,123,0.26856428384780884,0.19785791635513306,0.7367246065647955,0.07070636749267578,junyi
1832,39,0,0,[0],0.790733277797699,0.8315005302429199,1,0.8888888888888888,0.8888888888888888,9,0.8266550522648084,1148,0.09815561109118986,0.05738835864596892,0.5846671220115293,0.04076725244522095,junyi
