stu_id,exer_id,cpt_seq,label,concept_ids,p_pred,concept_proxy_pred,concept_count,hist_avg_rate,min_hist_mastery_rate,min_cpt_hist,item_train_acc,item_train_support,item_drop,concept_drop,stable_concept_drop_ratio,decoupling_gap,dataset
230,7385,56,0,[56],0.8045167326927185,0.8719263672828674,1,0.8888888888888888,0.8888888888888888,9,0.6,15,0.08437215619617033,0.016962521606021408,0.20104406916640277,0.06740963459014893,assist_09
928,819,98,0,[98],0.7606813311576843,0.8151783347129822,1,0.9166666666666666,0.9166666666666666,12,0.5510204081632653,98,0.1559853355089823,0.10148833195368445,0.6506273914950186,0.05449700355529785,assist_09
