drop_rate,auc,accuracy
0.0,0.8063164712205669,0.7696168929769175
0.1,0.8060995115629703,0.7695704656929682
0.2,0.8059208142730238,0.7696523961940551
0.3,0.8056878353764331,0.7692454747053233
0.4,0.8051090515651055,0.7691389650539102
