drop_rate,auc,accuracy
0.0,0.8116558705820961,0.769443858962392
0.1,0.8115087566666472,0.7684803227846195
0.2,0.8108445485361301,0.7682093282346211
0.3,0.8108949131809396,0.7683297702568426
0.4,0.810467394556359,0.7678781126735118
