dataset,case_rank,stu_id,exer_id,cpt_seq,hist_avg_rate,item_p_pred,concept_proxy_pred,item_drop,concept_drop,concept_drop_ratio,stable_concept_drop_ratio,decoupling_gap
junyi,1,2126,184,15,1.0,0.4849431216716766,0.5730333924293518,0.5150568783283234,0.4269666075706482,0.8289698197147035,0.8289698197147035,0.0880902707576751
junyi,2,1752,258,29,0.8571428571428571,0.8329757452011108,0.4620423018932342,0.0241671119417462,0.3951005552496228,16.34868726565239,7.902011104992456,-0.3709334433078766
junyi,3,5844,601,6,0.9,0.8542414903640747,0.5449326634407043,0.0457585096359253,0.3550673365592957,7.75959137184245,7.101346731185913,-0.3093088269233703
junyi,4,7714,602,18,1.0,0.6209220886230469,0.5541791915893555,0.3790779113769531,0.4458208084106445,1.1760664365572138,1.1760664365572138,-0.0667428970336914
junyi,5,1832,39,0,0.8888888888888888,0.8266498446464539,0.4783387184143066,0.0622390442424349,0.4105501704745822,6.596344392362414,6.596344392362414,-0.3483111262321472
