dataset,case_rank,stu_id,exer_id,cpt_seq,hist_avg_rate,item_p_pred,concept_proxy_pred,item_drop,concept_drop,concept_drop_ratio,stable_concept_drop_ratio,decoupling_gap
assist_17,1,233,483,57,1.0,0.5487262606620789,0.5369998812675476,0.4512737393379211,0.4630001187324524,1.0259850693101162,1.0259850693101162,-0.0117263793945312
assist_17,2,1207,2,59,1.0,0.7908189296722412,0.6170351505279541,0.2091810703277588,0.3829648494720459,1.8307815753690864,1.8307815753690864,-0.1737837791442871
