dataset,case_rank,stu_id,exer_id,cpt_seq,hist_avg_rate,item_p_pred,concept_proxy_pred,item_drop,concept_drop,concept_drop_ratio,stable_concept_drop_ratio,decoupling_gap
assist_09,1,230,7385,56,0.8888888888888888,0.7639134526252747,0.5583551526069641,0.1249754362636141,0.3305337362819247,2.6447896175750945,2.6447896175750945,-0.2055583000183105
assist_09,2,928,819,98,0.9166666666666666,0.6422334313392639,0.57077956199646,0.2744332353274027,0.3458871046702066,1.2603688626035343,1.2603688626035343,-0.0714538693428039
