bucket,n_items,avg_cpt_cnt,avg_difficulty,D_exercise_bucket,D_concept_bucket,D_view_mean_bucket,n_unique_concepts_in_bucket
c=1,14665,1.0,0.674581014863059,0.9310341477394104,0.9883027076721191,0.9596684277057648,105
c=2,2614,2.0,0.6361778021227246,0.9571442604064941,0.9859005808830261,0.9715224206447601,41
c>=3,397,3.204030226700252,0.6068478910213095,0.9677054286003113,0.9745529890060425,0.9711292088031769,18
