drop_rate,auc,accuracy
0.0,0.7999254284808368,0.7291494312306102
0.1,0.7998624736407189,0.7288262668045502
0.2,0.7994185430348517,0.7290977249224405
0.3,0.7995998238325905,0.7286452947259565
0.4,0.7992924440075663,0.728076525336091
