drop_rate,auc,accuracy
0.0,0.7999254356068011,0.7291494312306102
0.1,0.799862467193418,0.7288262668045502
0.2,0.7994185416775252,0.7290977249224405
0.3,0.799599832655213,0.7286452947259565
0.4,0.7992924392569234,0.728076525336091
