,cpt_34,cpt_35,cpt_46
cpt_34,4.384009364440627e-15,6.621182649228098e-08,2.069389240937204e-14
cpt_35,6.621182649228098e-08,0.999999225139268,3.125404851488265e-07
cpt_46,2.069389240937204e-14,3.125404851488265e-07,9.768163054672359e-14
