{
  "focus_exercise": 2591,
  "concepts": [
    34,
    35,
    46
  ],
  "avg_attention": [
    6.621185214476806e-08,
    0.9999996125695589,
    3.125406062365714e-07
  ]
}