,cpt_34,cpt_35,cpt_46
cpt_34,0.0,0.0,0.0
cpt_35,0.0,0.0,-1.5804664690115828
cpt_46,0.0,-1.5804664690115828,0.0
