{
  "focus_exercise": 517,
  "concepts": [
    34,
    35,
    46
  ],
  "n_users": 1,
  "delta1_mean_abs": 1.0076569378109834,
  "syn_mean_abs": 0.35121477089146286,
  "top_edges": [
    {
      "i": 35,
      "j": 46,
      "w": -3.1609329380231657
    },
    {
      "i": 34,
      "j": 35,
      "w": 0.0
    },
    {
      "i": 34,
      "j": 46,
      "w": 0.0
    }
  ]
}