{
  "mode": "single_exercise",
  "focus_exercise": 8572,
  "concepts": [
    1,
    24,
    31,
    48
  ],
  "n_users": 11,
  "delta1_mean_abs": 0.3342826988922312,
  "syn_mean_abs": 0.1033534666160548
}